season_year,season,complete_period,valid_days,missing_weather_values,precipitation_sum_mm,precipitation_mean_mm_day,rx1day_mm,rx5day_mm,wet_days_ge1mm,heavy_precipitation_days,consecutive_wet_days,consecutive_dry_days,temperature_mean_c,tmax_mean_c,tmin_mean_c,annual_or_period_max_tmax_c,hot_days,heatwave_max_days,relative_humidity_mean_percent,dew_point_mean_c,soil_moisture_mean_m3m3,et0_sum_mm
1991,MAM,True,92,0,520.3,5.655434782608695,42.45,115.30000000000001,37,5,5,9,18.974456521739125,24.68777173913044,12.834782608695654,34.05,0,0,66.67934782608695,11.785326086956525,0.338,382.13250000000005
1991,Monsoon,True,92,0,612.4999999999999,6.657608695652173,152.2,231.29999999999998,56,4,9,8,26.56521739130435,30.59864130434783,22.56440217391304,39.975,6,4,77.60054347826087,21.83423913043478,0.3585054347826087,380.65250000000003
1991,Post-monsoon,True,61,0,9.8,0.16065573770491803,3.45,5.7,3,0,2,44,16.587704918032788,23.481557377049185,10.502049180327871,27.7,0,0,62.709016393442624,8.657786885245901,0.22475819672131148,178.26749999999996
1992,DJF,True,91,0,349.9,3.8450549450549447,103.69999999999999,171.4,22,2,8,19,10.08021978021978,15.912087912087912,4.8464285714285715,21.125,0,0,71.73901098901099,4.638186813186813,0.3190082417582417,164.3175
1992,MAM,True,92,0,406.8,4.421739130434783,63.15,194.85,34,3,8,11,18.780706521739127,24.74538043478261,12.482880434782608,36.175,0,0,65.00271739130434,11.14320652173913,0.3275597826086956,392.8175
1992,Monsoon,True,92,0,716.8999999999999,7.792391304347825,204.45,221.6,45,3,10,14,25.92880434782609,30.111956521739128,21.812771739130433,38.8,3,3,78.45108695652173,21.50679347826087,0.34714673913043476,373.965
1992,Post-monsoon,True,61,0,96.5,1.5819672131147542,42.25,51.1,8,1,4,23,16.788114754098363,23.40081967213115,11.16762295081967,29.075,0,0,70.0327868852459,10.606147540983606,0.2738483606557377,167.8975
1993,DJF,True,90,0,176.05,1.9561111111111111,36.6,68.85,18,1,4,30,9.910833333333333,16.246944444444445,4.267777777777778,24.05,0,0,70.825,4.260555555555556,0.3402027777777778,172.695
1993,MAM,True,92,0,362.4500000000001,3.9396739130434795,69.5,144.55,24,3,5,22,20.018478260869564,26.413043478260875,12.943206521739128,39.1,5,5,59.42663043478261,10.554891304347825,0.28586413043478265,438.92499999999995
1993,Monsoon,True,92,0,357.5,3.885869565217391,51.650000000000006,121.75,38,3,6,12,26.727989130434782,31.19130434782608,22.218206521739134,36.775,0,0,73.94021739130434,21.252717391304344,0.2884836956521739,411.3925
1993,Post-monsoon,True,61,0,117.9,1.9327868852459018,32.75,87.55,10,1,4,27,17.585245901639347,24.65368852459016,11.276229508196723,31.75,0,0,60.0655737704918,8.720081967213115,0.24425000000000002,187.27500000000003
1994,DJF,True,90,0,144.25,1.6027777777777779,23.549999999999997,50.8,16,0,3,31,9.876944444444442,16.283888888888892,4.160833333333334,20.875,0,0,68.98055555555555,3.8380555555555556,0.2961361111111111,173.73
1994,MAM,True,92,0,283.95000000000005,3.0864130434782613,53.95,110.50000000000001,31,2,3,9,19.797554347826086,26.08016304347826,13.086141304347828,37.8,1,1,62.89402173913044,11.530978260869567,0.31220380434782613,410.18
1994,Monsoon,True,92,0,621.1500000000001,6.7516304347826095,149.0,175.45,57,4,10,13,25.68288043478261,29.647010869565214,22.030434782608694,33.25,0,0,79.61413043478261,21.55108695652174,0.37083967391304345,337.53999999999996
1994,Post-monsoon,True,61,0,49.9,0.8180327868852458,27.0,43.8,3,0,2,35,16.873770491803278,23.754508196721314,10.822540983606556,29.4,0,0,63.22950819672131,8.978278688524592,0.21822950819672127,178.9425
1995,DJF,True,90,0,246.75,2.7416666666666667,50.3,73.3,23,1,5,25,8.874166666666667,15.035833333333334,3.131666666666667,20.425,0,0,70.26666666666667,3.1397222222222223,0.34021111111111113,162.3525
1995,MAM,True,92,0,362.8999999999999,3.9445652173913035,51.650000000000006,142.0,35,4,6,15,19.169565217391302,25.208695652173912,12.837771739130435,37.35,0,0,64.41032608695652,11.367663043478261,0.32740489130434786,400.97999999999996
1995,Monsoon,True,92,0,604.5,6.570652173913044,76.85,145.25,57,4,15,14,26.03858695652174,30.108423913043477,22.29538043478261,37.9,1,1,79.21195652173913,21.823641304347827,0.3520434782608696,355.4749999999999
1995,Post-monsoon,True,61,0,86.55000000000001,1.4188524590163936,39.7,58.300000000000004,8,1,3,37,17.461065573770487,24.159836065573767,11.501229508196722,30.6,0,0,62.34426229508197,9.339754098360654,0.1988483606557377,182.39249999999998
1996,DJF,True,91,0,219.75000000000003,2.414835164835165,44.7,65.5,20,2,3,21,9.046978021978022,15.440659340659343,3.322252747252748,20.175,0,0,68.72527472527473,2.969505494505494,0.33503296703296703,173.63
1996,MAM,True,92,0,407.15,4.425543478260869,52.45,142.9,40,1,8,9,20.049184782608698,26.123641304347824,13.70679347826087,35.95,0,0,63.1875,11.789402173913041,0.31818750000000007,418.61250000000007
1996,Monsoon,True,92,0,406.40000000000003,4.417391304347826,52.85,90.10000000000001,48,2,28,15,26.30570652173913,30.460597826086957,22.240760869565214,35.05,0,0,77.8695652173913,21.80217391304348,0.3400298913043478,380.8775
1996,Post-monsoon,True,61,0,120.30000000000001,1.9721311475409837,37.849999999999994,53.349999999999994,9,1,3,24,16.093032786885246,23.00532786885246,10.184426229508198,30.525,0,0,65.72540983606558,8.978278688524588,0.30086065573770493,172.0275
1997,DJF,True,90,0,73.35,0.815,21.45,31.2,13,0,3,23,8.881666666666666,16.06972222222222,2.465277777777778,21.425,0,0,64.76388888888889,1.79,0.2598250000000001,187.52
1997,MAM,True,92,0,467.5999999999999,5.082608695652173,59.150000000000006,108.2,44,5,9,11,18.73070652173913,24.44483695652174,12.672554347826088,34.55,0,0,67.53804347826087,11.781521739130437,0.33753260869565216,374.73
1997,Monsoon,True,92,0,472.85,5.139673913043478,132.1,190.1,46,3,8,9,26.73233695652174,30.832065217391307,22.653260869565216,38.825,3,3,76.38315217391305,21.783967391304348,0.3292065217391304,373.6
1997,Post-monsoon,True,61,0,87.55,1.4352459016393442,22.450000000000003,46.25,12,0,2,16,16.124999999999996,21.77008196721311,10.989754098360654,27.35,0,0,70.5327868852459,10.147540983606559,0.2801844262295082,153.0
1998,DJF,True,90,0,289.25,3.213888888888889,34.75,139.4,24,2,5,12,9.261944444444444,15.102777777777776,3.891111111111111,20.975,0,0,72.06666666666666,3.9813888888888886,0.3403694444444444,158.10500000000002
1998,MAM,True,92,0,367.0,3.989130434782609,55.1,75.65,30,3,4,15,20.12690217391304,26.24157608695652,13.536956521739132,39.224999999999994,4,4,63.76358695652174,11.936684782608692,0.3225543478260869,420.195
1998,Monsoon,True,92,0,410.7,4.464130434782609,31.45,95.5,59,0,10,7,26.661684782608692,30.670380434782604,22.87663043478261,34.35,0,0,80.13858695652173,22.688315217391303,0.36569565217391303,368.4825
1998,Post-monsoon,True,61,0,9.2,0.15081967213114753,4.75,4.85,2,0,1,45,18.69467213114754,25.625409836065575,12.5672131147541,30.85,0,0,60.41393442622951,9.987295081967213,0.16632377049180327,189.87249999999997
1999,DJF,True,90,0,208.75000000000003,2.3194444444444446,32.45,70.9,23,0,6,33,10.9275,17.074722222222224,5.587777777777778,22.95,0,0,71.50277777777778,5.407777777777778,0.2940055555555556,171.555
1999,MAM,True,92,0,169.25,1.8396739130434783,49.7,100.85000000000001,21,1,5,19,22.050815217391307,28.810869565217384,14.757336956521739,37.95,4,3,50.89945652173913,9.488043478260868,0.24382880434782617,493.51750000000004
1999,Monsoon,True,92,0,351.8,3.823913043478261,38.1,53.75,53,1,10,10,27.379076086956523,31.719565217391303,23.083152173913046,37.2,0,0,73.1413043478261,21.76413043478261,0.3115081521739131,409.38
1999,Post-monsoon,True,61,0,95.0,1.5573770491803278,36.849999999999994,78.75,9,1,4,25,18.027049180327868,24.73032786885246,12.112295081967213,29.425,0,0,59.790983606557376,9.02377049180328,0.256172131147541,186.395
2000,DJF,True,91,0,130.55,1.4346153846153848,26.95,69.5,12,0,5,40,9.607967032967034,16.223626373626374,3.734065934065934,21.625,0,0,67.89285714285714,3.236538461538462,0.28857692307692306,185.44000000000003
2000,MAM,True,92,0,75.29999999999998,0.818478260869565,20.15,22.599999999999998,19,0,4,27,23.361684782608698,30.371467391304346,15.715760869565216,41.15,17,6,43.125,7.996195652173914,0.18562228260869568,525.225
2000,Monsoon,True,92,0,255.9,2.7815217391304348,25.55,44.449999999999996,50,0,8,9,27.06114130434783,31.46548913043479,22.64211956521739,36.45,0,0,72.16847826086956,21.141847826086956,0.2950326086956521,408.09000000000003
2000,Post-monsoon,True,61,0,13.4,0.219672131147541,6.75,11.35,3,0,2,52,19.48155737704918,26.41393442622951,12.987704918032787,32.85,0,0,49.63934426229508,7.41516393442623,0.15042622950819673,210.66500000000002
2001,DJF,True,90,0,59.25,0.6583333333333333,13.1,20.650000000000002,10,0,3,23,10.7425,17.830555555555552,4.263333333333333,23.525,0,0,57.022222222222226,1.3327777777777776,0.19515555555555553,212.60499999999996
2001,MAM,True,92,0,125.65,1.3657608695652175,27.05,47.45,18,0,5,13,23.28586956521739,30.103804347826085,15.790760869565217,42.05,16,6,44.93478260869565,8.339130434782609,0.19828260869565215,509.01000000000005
2001,Monsoon,True,92,0,376.65,4.094021739130435,41.95,82.9,50,2,9,10,26.77445652173913,31.289130434782614,22.24809782608696,34.95,0,0,72.16304347826087,20.76630434782609,0.32161684782608696,400.74249999999995
2001,Post-monsoon,True,61,0,99.05000000000001,1.623770491803279,51.5,94.8,5,1,3,25,18.819262295081966,25.592213114754102,12.647131147540984,33.15,0,0,58.114754098360656,9.196311475409834,0.22289754098360662,194.2825
2002,DJF,True,90,0,179.70000000000002,1.9966666666666668,66.9,84.15000000000002,12,2,3,25,10.293333333333335,16.864444444444445,4.422777777777778,21.0,0,0,66.62222222222222,3.612222222222222,0.25857499999999994,182.7325
2002,MAM,True,92,0,124.2,1.35,32.6,50.050000000000004,18,0,4,31,22.858423913043477,29.67445652173913,15.47364130434783,41.2,15,7,48.47554347826087,8.870652173913044,0.23537500000000003,509.1775
2002,Monsoon,True,92,0,331.9,3.6076086956521736,29.450000000000003,71.85,46,0,18,10,27.518749999999994,32.31766304347826,22.65842391304348,39.425,11,9,67.35326086956522,20.105978260869566,0.2833478260869565,437.84999999999997
2002,Post-monsoon,True,61,0,15.25,0.25,6.35,12.45,3,0,2,28,19.208196721311474,25.800000000000004,13.118032786885244,32.1,0,0,56.221311475409834,9.310245901639341,0.15674590163934424,188.10250000000002
2003,DJF,True,90,0,360.84999999999997,4.009444444444444,98.7,228.9,22,3,6,32,10.456666666666667,16.552777777777774,5.016666666666667,21.15,0,0,69.3638888888889,4.398611111111111,0.27568333333333334,171.06250000000003
2003,MAM,True,92,0,233.75000000000003,2.5407608695652177,55.2,90.25,26,2,3,8,20.359239130434784,26.76086956521738,13.501902173913045,37.45,1,1,56.62228260869565,9.949728260869565,0.2802690217391304,447.0
2003,Monsoon,True,92,0,489.09999999999997,5.316304347826087,42.25,103.9,51,2,7,8,26.92663043478261,31.26114130434783,22.700271739130436,38.05,1,1,74.82065217391305,21.682880434782607,0.33827445652173915,398.49
2003,Post-monsoon,True,61,0,49.0,0.8032786885245902,15.200000000000001,23.05,6,0,2,29,17.126639344262294,24.08934426229508,11.025409836065576,29.45,0,0,62.57786885245902,9.048360655737703,0.24756147540983606,181.16250000000002
2004,DJF,True,91,0,268.50000000000006,2.950549450549451,36.6,67.1,27,1,4,10,10.352747252747253,16.542032967032966,4.762912087912088,23.825,0,0,71.73351648351648,4.909065934065934,0.3578543956043956,176.54749999999999
2004,MAM,True,92,0,151.70000000000002,1.648913043478261,45.25,119.65,15,2,5,17,23.46766304347826,30.554891304347823,15.828804347826088,39.625,9,4,46.875,9.634782608695653,0.20967934782608694,511.7475
2004,Monsoon,True,92,0,256.65000000000003,2.7896739130434787,30.2,59.7,41,0,9,12,28.044021739130436,33.01875,23.095923913043475,39.125,5,3,64.07608695652173,19.79429347826087,0.2438451086956522,448.3725
2004,Post-monsoon,True,61,0,179.9,2.9491803278688526,79.95,133.15,11,2,3,26,17.035655737704918,23.47622950819672,11.512295081967213,30.625,0,0,67.51639344262296,10.291393442622953,0.2628401639344262,167.2
2005,DJF,True,90,0,355.7,3.9522222222222223,45.6,113.45,25,2,10,18,9.4925,15.052777777777775,4.4686111111111115,21.3,0,0,73.19166666666666,4.424166666666666,0.36058333333333337,152.2275
2005,MAM,True,92,0,253.05000000000004,2.75054347826087,51.4,132.4,34,1,9,17,19.927445652173912,26.016847826086952,13.308423913043475,33.4,0,0,60.494565217391305,10.770923913043477,0.29020923913043484,418.4475
2005,Monsoon,True,92,0,328.00000000000006,3.5652173913043486,46.900000000000006,75.60000000000001,48,1,14,9,27.34130434782608,31.90027173913044,22.966847826086955,36.3,0,0,72.57065217391305,21.53858695652174,0.30791847826086954,412.2475
2005,Post-monsoon,True,61,0,68.2,1.118032786885246,22.3,36.25,12,0,4,15,17.792213114754098,24.89180327868852,11.609836065573772,33.325,0,0,56.15983606557377,7.899590163934426,0.2153114754098361,192.37999999999997
2006,DJF,True,90,0,163.7,1.8188888888888888,34.75,62.85,14,1,4,30,11.014166666666668,17.792222222222225,5.1,22.775,0,0,65.46944444444445,3.9924999999999993,0.2713027777777778,185.735
2006,MAM,True,92,0,96.5,1.048913043478261,19.25,22.35,20,0,4,22,22.928532608695654,29.53641304347826,15.635869565217389,41.025,20,7,48.79891304347826,9.296467391304347,0.22613043478260872,485.7150000000001
2006,Monsoon,True,92,0,384.9,4.183695652173912,53.15,114.05,49,1,9,10,27.23206521739131,31.755706521739125,22.842391304347824,38.95,2,1,71.65760869565217,21.069836956521737,0.3195380434782608,399.1825
2006,Post-monsoon,True,61,0,63.09999999999999,1.0344262295081965,19.05,35.85,11,0,3,15,19.3172131147541,25.547950819672135,13.578278688524586,33.95,0,0,60.65983606557377,10.425819672131148,0.21035655737704917,184.2125
2007,DJF,True,90,0,308.75,3.4305555555555554,50.05,125.5,21,4,6,22,10.282222222222222,16.47222222222222,4.827222222222222,21.875,0,0,70.39444444444445,4.477222222222222,0.3142527777777777,171.655
2007,MAM,True,92,0,268.54999999999995,2.9190217391304345,46.900000000000006,93.25,18,3,5,26,22.04619565217391,28.545923913043474,14.92608695652174,38.775,3,2,54.9375,10.976902173913043,0.26009239130434786,462.7574999999999
2007,Monsoon,True,92,0,280.5,3.0489130434782608,39.55,67.55,47,1,9,10,27.431793478260875,31.886413043478264,23.088586956521745,35.7,0,0,73.51358695652173,21.859239130434784,0.31272282608695656,415.6425
2007,Post-monsoon,True,61,0,11.850000000000001,0.19426229508196724,6.0,11.8,2,0,2,59,19.2827868852459,26.616393442622954,12.589344262295082,31.05,0,0,50.57377049180328,7.451229508196721,0.14259016393442628,207.61749999999998
2008,DJF,True,91,0,186.6,2.0505494505494504,49.2,105.7,19,1,6,22,9.25576923076923,15.469505494505494,3.6414835164835164,24.775,0,0,67.27747252747253,2.8016483516483515,0.29493131868131867,180.39499999999998
2008,MAM,True,92,0,147.65,1.6048913043478261,51.0,77.7,18,1,6,26,22.421739130434784,29.130434782608692,15.305706521739133,37.95,1,1,51.26358695652174,10.117391304347827,0.218241847826087,467.8699999999999
2008,Monsoon,True,92,0,372.15000000000003,4.045108695652174,72.55000000000001,110.85000000000001,49,1,10,10,26.891304347826086,31.464945652173913,22.475271739130434,35.65,0,0,72.60597826086956,21.050271739130437,0.32084239130434783,407.50499999999994
2008,Post-monsoon,True,61,0,50.5,0.8278688524590164,10.5,16.900000000000002,10,0,3,14,19.251639344262294,26.131557377049177,13.23811475409836,34.1,0,0,59.09836065573771,10.170081967213115,0.20290983606557375,190.46249999999998
2009,DJF,True,90,0,287.1,3.1900000000000004,51.25,57.09999999999999,29,1,5,13,11.472777777777777,17.61666666666667,6.004999999999999,22.475,0,0,71.33888888888889,5.91,0.35015,175.3575
2009,MAM,True,92,0,197.84999999999997,2.150543478260869,41.349999999999994,67.25,27,1,4,15,20.95625,27.35434782608695,14.088315217391305,38.625,2,2,57.51358695652174,10.750000000000002,0.28675,445.45249999999993
2009,Monsoon,True,92,0,244.7,2.659782608695652,31.9,48.449999999999996,31,0,6,13,28.61114130434783,33.73695652173913,23.4116847826087,40.575,9,4,62.546195652173914,19.76820652173913,0.24453260869565213,464.335
2009,Post-monsoon,True,61,0,34.3,0.5622950819672131,12.8,18.2,5,0,2,35,18.486475409836064,25.654918032786885,11.988524590163934,34.65,0,0,51.4344262295082,7.002049180327868,0.17618032786885243,202.005
2010,DJF,True,90,0,254.2,2.8244444444444445,57.849999999999994,117.6,14,2,5,53,11.419444444444444,17.911944444444444,5.694166666666667,22.075,0,0,65.25,4.383888888888889,0.2385166666666667,183.25999999999996
2010,MAM,True,92,0,69.95,0.7603260869565218,9.45,14.35,20,0,3,19,23.99293478260869,30.83315217391305,16.742934782608696,41.475,9,7,47.84510869565217,10.466304347826087,0.20117119565217392,516.29
2010,Monsoon,True,92,0,523.95,5.695108695652174,117.5,158.65,52,3,17,7,27.042663043478257,31.36902173913043,22.806250000000002,39.75,8,3,73.375,21.252989130434784,0.3271548913043478,394.62749999999994
2010,Post-monsoon,True,61,0,9.25,0.15163934426229508,5.800000000000001,8.4,2,0,2,40,19.5327868852459,26.395081967213113,13.393442622950818,31.3,0,0,57.15983606557377,9.959426229508196,0.15862704918032783,195.02
2011,DJF,True,90,0,215.3,2.3922222222222222,40.150000000000006,70.80000000000001,20,2,4,28,10.178055555555556,16.447777777777777,4.562222222222222,20.95,0,0,68.06666666666666,3.842777777777777,0.26039999999999996,171.87
2011,MAM,True,92,0,223.95,2.4342391304347823,54.2,79.05,26,2,4,19,21.608695652173914,28.203804347826086,14.625815217391308,39.7,11,6,56.58423913043478,11.026358695652174,0.2821875,454.515
2011,Monsoon,True,92,0,291.09999999999997,3.1641304347826082,25.15,48.55,47,0,10,8,27.381249999999998,31.86548913043478,23.089945652173913,36.85,0,0,71.8125,21.364673913043475,0.3010896739130434,402.73
2011,Post-monsoon,True,61,0,82.55000000000001,1.3532786885245904,20.1,28.75,13,0,4,15,19.05573770491803,25.70450819672131,13.379098360655739,33.15,0,0,62.6844262295082,10.87950819672131,0.24411475409836064,186.35500000000002
2012,DJF,True,91,0,163.3,1.7945054945054946,29.45,46.1,18,0,4,14,9.16456043956044,15.445329670329668,3.4535714285714287,21.849999999999998,0,0,66.53846153846153,2.501648351648351,0.28982967032967033,179.015
2012,MAM,True,92,0,110.50000000000001,1.2010869565217392,16.85,23.849999999999998,22,0,5,14,21.443478260869565,27.891304347826093,14.295108695652173,40.625,4,4,49.29347826086956,8.433152173913044,0.22193478260869565,478.39500000000004
2012,Monsoon,True,92,0,485.2,5.27391304347826,142.9,161.5,49,3,13,13,27.88913043478261,32.48967391304347,23.368478260869566,43.05,12,4,69.01902173913044,20.742119565217394,0.30469565217391303,422.38499999999993
2012,Post-monsoon,True,61,0,24.150000000000002,0.3959016393442623,5.65,8.200000000000001,8,0,2,34,17.752868852459017,24.525819672131146,11.638934426229508,31.4,0,0,57.01229508196721,8.106967213114753,0.1789508196721311,184.405
2013,DJF,True,90,0,369.2000000000001,4.102222222222223,90.4,174.35,22,4,5,16,9.926388888888889,15.979722222222222,4.401388888888889,21.175,0,0,70.3861111111111,4.179444444444445,0.3335055555555556,166.17500000000004
2013,MAM,True,92,0,136.2,1.4804347826086954,25.15,40.199999999999996,20,0,2,13,21.62608695652174,28.022826086956524,14.604347826086958,41.724999999999994,9,8,55.02173913043478,10.353260869565219,0.26116032608695655,466.215
2013,Monsoon,True,92,0,528.0,5.739130434782608,143.35,283.05,45,2,15,12,27.175,31.164130434782606,23.217119565217395,37.85,1,1,74.53532608695652,21.829619565217392,0.31740217391304354,378.57500000000005
2013,Post-monsoon,True,61,0,37.2,0.6098360655737706,10.8,23.45,7,0,3,23,18.625,24.83606557377049,13.086065573770492,31.725,0,0,61.959016393442624,10.365573770491803,0.20152049180327866,178.6725
2014,DJF,True,90,0,102.19999999999997,1.1355555555555552,31.349999999999998,67.5,15,0,5,13,10.11361111111111,16.35972222222222,4.458888888888889,22.45,0,0,67.11111111111111,3.5627777777777783,0.22625555555555554,180.34
2014,MAM,True,92,0,324.4500000000001,3.52663043478261,45.55,99.9,29,3,5,13,19.446195652173913,25.092934782608697,13.165217391304346,37.55,1,1,63.86684782608695,11.391304347826088,0.313241847826087,393.78999999999996
2014,Monsoon,True,92,0,633.0000000000001,6.880434782608697,183.2,362.9,35,4,5,11,27.54945652173913,31.888043478260872,23.108695652173914,39.1,4,4,70.78260869565217,21.22282608695652,0.2828804347826087,413.3950000000001
2014,Post-monsoon,True,61,0,45.95,0.7532786885245902,8.75,17.700000000000003,10,0,2,23,17.547950819672135,23.7983606557377,12.040163934426229,30.0,0,0,67.18032786885246,10.766393442622952,0.24799180327868853,168.7175
2015,DJF,True,90,0,166.15,1.8461111111111113,29.45,55.24999999999999,17,0,3,43,10.770833333333334,16.91777777777778,5.284722222222223,23.275,0,0,69.20555555555555,4.749722222222222,0.24908333333333335,176.845
2015,MAM,True,92,0,375.75000000000006,4.084239130434783,39.0,94.7,30,2,7,11,20.399456521739133,26.282880434782605,14.101902173913043,35.45,0,0,64.36141304347827,12.292934782608697,0.3248423913043478,411.1475
2015,Monsoon,True,92,0,520.2,5.654347826086957,133.35,172.99999999999997,47,3,13,16,26.63478260869565,30.90815217391305,22.493478260869562,39.025,2,2,74.72826086956522,21.2625,0.3296630434782609,381.44750000000005
2015,Post-monsoon,True,61,0,171.3,2.8081967213114756,42.5,57.699999999999996,12,1,3,18,17.78647540983607,23.802868852459017,12.443032786885245,31.325,0,0,70.04918032786885,11.63893442622951,0.3152459016393442,162.925
2016,DJF,True,91,0,160.05,1.758791208791209,37.25,44.6,12,1,3,15,10.641758241758241,17.090934065934068,4.847527472527473,24.65,0,0,72.25274725274726,5.302197802197802,0.3534478021978022,185.065
2016,MAM,True,92,0,277.00000000000006,3.010869565217392,36.65,104.3,27,3,5,13,21.828532608695653,27.81711956521739,15.22961956521739,40.2,5,5,58.07065217391305,11.7375,0.27181249999999996,437.05499999999995
2016,Monsoon,True,92,0,237.65,2.5831521739130436,29.55,39.35,47,0,8,8,28.310597826086955,32.849184782608695,23.732880434782615,38.55,1,1,67.86413043478261,21.243750000000002,0.2530951086956522,429.4275
2016,Post-monsoon,True,61,0,7.799999999999999,0.12786885245901639,2.6,3.9,2,0,1,27,20.476229508196717,27.45696721311475,14.06844262295082,35.05,0,0,49.85245901639344,8.509016393442623,0.14272540983606555,206.76500000000004
2017,DJF,True,90,0,258.15000000000003,2.8683333333333336,41.15,67.8,20,2,5,23,11.710277777777778,17.72194444444445,6.295833333333333,23.125,0,0,68.15833333333333,5.373055555555556,0.3062638888888889,180.81
2017,MAM,True,92,0,169.79999999999998,1.8456521739130434,25.9,67.6,23,0,5,18,21.837228260869562,28.306250000000002,14.894293478260868,39.875,4,4,54.880434782608695,10.952445652173912,0.24933695652173912,458.56749999999994
2017,Monsoon,True,92,0,360.94999999999993,3.9233695652173908,39.6,82.7,56,1,31,19,27.370652173913047,32.04483695652174,22.984239130434784,38.075,2,1,72.4320652173913,21.383423913043476,0.32828532608695654,406.21999999999997
2017,Post-monsoon,True,61,0,20.9,0.3426229508196721,14.4,19.15,3,0,2,44,19.608196721311472,26.55081967213115,13.329918032786884,33.9,0,0,54.39754098360656,8.87827868852459,0.1657377049180328,199.5275
2018,DJF,True,90,0,112.85,1.2538888888888888,38.65,56.5,10,2,3,24,11.309722222222222,18.160555555555554,5.156944444444444,24.125,0,0,64.44722222222222,4.046666666666667,0.25036388888888894,198.745
2018,MAM,True,92,0,212.79999999999995,2.313043478260869,30.95,56.75,21,0,4,16,22.130978260869565,28.633967391304346,15.143478260869568,39.7,4,4,54.34782608695652,10.812228260869565,0.250945652173913,473.1925
2018,Monsoon,True,92,0,477.7,5.192391304347826,79.44999999999999,133.79999999999998,41,3,6,9,27.623369565217395,32.04184782608696,23.29429347826087,39.55,3,2,71.56521739130434,21.48315217391304,0.3023478260869565,412.3450000000001
2018,Post-monsoon,True,61,0,102.89999999999999,1.6868852459016392,39.2,52.75000000000001,10,1,4,16,17.268852459016394,23.988524590163934,11.425409836065574,31.675,0,0,63.40163934426229,9.342622950819672,0.26600409836065575,178.7875
2019,DJF,True,90,0,235.05,2.611666666666667,37.9,62.95,29,1,5,20,9.406944444444443,15.342500000000001,3.977777777777778,20.65,0,0,71.225,3.90388888888889,0.3283333333333333,160.7675
2019,MAM,True,92,0,204.6,2.223913043478261,28.85,61.849999999999994,20,0,3,20,20.395652173913042,26.526902173913047,13.705434782608696,38.15,2,2,60.307065217391305,11.219565217391304,0.29381521739130434,428.58000000000004
2019,Monsoon,True,92,0,372.8,4.052173913043478,74.19999999999999,119.69999999999997,51,1,10,7,28.17065217391304,32.442119565217396,23.949456521739133,41.3,4,4,70.86413043478261,21.786141304347826,0.2863396739130435,406.63499999999993
2019,Post-monsoon,True,61,0,80.60000000000001,1.3213114754098363,28.3,42.7,11,0,3,15,18.570081967213117,24.404098360655745,13.212295081967213,30.625,0,0,63.14344262295082,10.50983606557377,0.24858196721311474,171.7875
2020,DJF,True,91,0,179.95,1.9774725274725273,31.75,42.2,22,0,3,19,9.760164835164835,15.800549450549452,4.195604395604396,22.975,0,0,70.85714285714286,4.134340659340659,0.3237307692307692,174.41
2020,MAM,True,92,0,386.55,4.201630434782609,56.5,103.60000000000001,37,2,5,6,19.657065217391306,25.13885869565218,13.764945652173912,37.775,2,2,67.40489130434783,12.573641304347825,0.34170108695652174,385.16
2020,Monsoon,True,92,0,574.5,6.244565217391305,138.95,166.95,45,3,15,24,27.506521739130434,32.14592391304347,22.8820652173913,39.2,2,2,69.75271739130434,20.8366847826087,0.29535326086956526,421.7475
2020,Post-monsoon,True,61,0,54.8,0.8983606557377048,28.15,40.25,6,0,3,44,17.524590163934423,24.39016393442623,11.316803278688523,30.85,0,0,56.52049180327869,7.698360655737704,0.19738114754098363,189.2325
2021,DJF,True,90,0,106.35,1.1816666666666666,24.15,35.349999999999994,15,0,4,32,10.671388888888886,17.404166666666665,4.7972222222222225,23.375,0,0,69.09166666666667,4.6066666666666665,0.3085888888888889,188.39999999999998
2021,MAM,True,92,0,181.6,1.9739130434782608,36.150000000000006,65.75,23,1,4,11,20.933152173913044,27.125815217391306,14.299728260869566,38.55,2,2,54.88586956521739,10.070380434782608,0.25979891304347824,449.5725
2021,Monsoon,True,92,0,361.15000000000003,3.92554347826087,49.650000000000006,106.15,38,3,5,11,27.9570652173913,32.34864130434783,23.662228260869572,40.15,5,3,69.65489130434783,21.23885869565217,0.28459239130434777,426.79749999999996
2021,Post-monsoon,True,61,0,73.2,1.2,19.05,34.5,8,0,4,37,17.97459016393443,24.892622950819668,11.958606557377049,31.175,0,0,60.14754098360656,9.195901639344264,0.23295901639344255,188.9325
2022,DJF,True,90,0,254.75,2.8305555555555557,55.15,93.95,20,2,6,20,9.89861111111111,15.789444444444444,4.446666666666667,21.175,0,0,70.47222222222223,4.1530555555555555,0.3130277777777778,170.6975
2022,MAM,True,92,0,81.69999999999999,0.8880434782608695,20.4,27.25,18,0,3,19,24.150815217391308,31.051086956521736,16.646195652173912,39.9,5,5,46.28260869565217,10.097554347826089,0.21197010869565217,526.5425
2022,Monsoon,True,92,0,321.65,3.496195652173913,28.15,58.2,47,0,14,8,27.37119565217391,31.586141304347827,23.401358695652174,35.349999999999994,0,0,72.00271739130434,21.355978260869566,0.29951630434782606,379.0300000000001
2022,Post-monsoon,True,61,0,55.65,0.9122950819672131,9.55,19.25,11,0,3,16,18.496311475409833,25.39795081967213,12.340573770491805,32.9,0,0,55.14344262295082,8.111885245901638,0.20517622950819672,194.66250000000002
2023,DJF,True,90,0,130.45,1.4494444444444443,27.200000000000003,42.05,15,0,3,28,10.807222222222224,17.286666666666665,4.890000000000001,23.825,0,0,65.95833333333333,3.9838888888888895,0.259225,186.99499999999998
2023,MAM,True,92,0,267.34999999999997,2.905978260869565,31.15,47.55,35,0,8,13,20.214945652173913,26.10597826086956,13.972282608695652,37.525,1,1,62.13315217391305,11.631249999999998,0.28150815217391306,406.6925
2023,Monsoon,True,92,0,265.45,2.8853260869565216,25.15,45.699999999999996,47,0,7,8,28.423097826086952,33.18478260869565,23.858695652173903,37.575,1,1,66.66032608695652,20.992391304347823,0.2635217391304348,439.25250000000005
2023,Post-monsoon,True,61,0,88.30000000000001,1.4475409836065576,36.4,57.099999999999994,10,1,5,19,18.638524590163932,25.126639344262298,12.73606557377049,33.925,0,0,61.372950819672134,9.980737704918031,0.2282172131147541,181.9825
2024,DJF,True,91,0,90.15,0.9906593406593407,29.55,43.6,9,0,4,58,10.853021978021978,17.425,4.856043956043956,21.7,0,0,67.07142857142857,4.21565934065934,0.20810714285714288,190.01500000000001
2024,MAM,True,92,0,353.90000000000003,3.846739130434783,57.75,82.95,31,1,6,15,20.576358695652175,26.664130434782606,13.959510869565218,38.85,9,6,59.44836956521739,10.940489130434782,0.30950000000000005,432.36000000000007
2024,Monsoon,True,92,0,405.0,4.4021739130434785,40.099999999999994,110.85,55,2,12,11,28.13478260869565,32.54320652173914,23.826902173913048,39.45,3,2,71.7445652173913,22.04429347826087,0.29836684782608697,401.55749999999995
2024,Post-monsoon,True,61,0,30.800000000000004,0.5049180327868853,8.55,17.950000000000003,7,0,2,19,19.811885245901642,26.4,14.026639344262295,31.950000000000003,0,0,61.13934426229508,11.180737704918034,0.21645901639344262,191.645
2025,DJF,True,90,0,120.10000000000002,1.3344444444444448,23.8,69.55,13,0,4,34,11.1125,17.928888888888892,4.955555555555555,22.45,0,0,59.46388888888889,2.4305555555555554,0.18476944444444443,205.12999999999997
2025,MAM,True,92,0,156.85000000000002,1.7048913043478264,31.95,46.55,25,0,3,14,23.05652173913043,29.787771739130434,15.831793478260868,41.45,11,9,48.91576086956522,9.871195652173913,0.22770652173913045,498.91
2025,Monsoon,True,92,0,460.55000000000007,5.005978260869566,58.150000000000006,93.7,53,2,10,7,26.99972826086957,30.969565217391303,23.390489130434784,34.325,0,0,76.89945652173913,22.19646739130435,0.35236684782608696,362.3850000000001
2025,Post-monsoon,True,61,0,67.29999999999998,1.10327868852459,47.099999999999994,59.199999999999996,5,1,2,28,17.656557377049182,24.606967213114757,11.670491803278686,32.25,0,0,61.864754098360656,9.300409836065572,0.20936885245901635,182.64249999999998
